Episode,Average_Score,Average_Lines,Epsilon,Loss
100,3.151999999999999,0.0,0.9354726819705771,0.00022136716870591044
200,2.682,0.0,0.8849659490117532,0.00036120705772191286
300,2.4960000000000004,0.0,0.8394496750627115,0.0006893929094076157
400,2.172,0.0,0.8046797830562106,0.0010395916178822517
500,2.0335,0.0,0.773126291102573,0.0007606158033013344
600,2.0860000000000007,0.0,0.7414000202165908,0.000692069879733026
700,1.8845000000000005,0.0,0.7156838741169741,0.0008206224883906543
800,1.9260000000000008,0.0,0.6893414197997354,0.0009543724590912461
900,1.9695000000000003,0.0,0.6638357753568291,0.0024397678207606077
1000,1.928000000000001,0.0,0.6392738401989917,0.001436013961210847
1100,1.9450000000000005,0.0,0.6156822652928997,0.0032415972091257572
1200,2.0020000000000007,0.0,0.5920724873493127,0.0015341935213655233
1300,2.0515000000000003,0.0,0.5695389262101992,0.006934402510523796
1400,2.0415000000000005,0.0,0.5470964552969325,0.002635374665260315
1500,1.9315000000000007,0.0,0.5272228222755642,0.006273623555898666
1600,2.070500000000001,0.0,0.5065491065556748,0.0034494376741349697
1700,2.2670000000000003,0.0,0.4845976972758932,0.006325408350676298
1800,2.2295000000000003,0.0,0.46410782023267466,0.007986564189195633
1900,2.2695000000000003,0.0,0.443596176537794,0.004533002153038979
2000,2.3255000000000003,0.0,0.42360962319645773,0.003422706387937069
2100,2.497999999999999,0.0,0.4029892295683407,0.006141615100204945
2200,2.6209999999999996,0.0,0.38207127339659147,0.005887314677238464
2300,2.662999999999999,0.0,0.36231156396615544,0.009180095046758652
2400,2.817999999999999,0.0,0.34233907059659097,0.005223225802183151
2500,2.980999999999998,0.0,0.3218541830165854,0.004136207047849894
2600,2.9989999999999988,0.0,0.30317057624247196,0.010309244506061077
2700,3.1314999999999986,0.0,0.2838915558908622,0.006817922927439213
2800,3.537999999999997,0.0,0.2632985487027408,0.007975535467267036
2900,3.3744999999999976,0.0,0.24613623521043956,0.0033877298701554537
3000,3.5189999999999975,0.0,0.22844179560574834,0.010163730010390282
3100,3.467499999999997,0.0,0.21259264266062655,0.005830215290188789
3200,3.6364999999999976,0.01,0.1974082962201403,0.009786739945411682
3300,3.7854999999999968,0.0,0.1828141957568192,0.00903583224862814
3400,4.150499999999995,0.0,0.16712897638503943,0.00930436234921217
3500,4.489999999999995,0.0,0.15219477997642442,0.03865574300289154
3600,4.384999999999995,0.0,0.13860892413690853,0.007496981415897608
3700,4.503999999999994,0.0,0.12580733219064194,0.007064532022923231
3800,4.985999999999993,0.01,0.11342552415818936,0.02459888719022274
3900,4.787499999999993,0.0,0.10212945766940021,0.006933354306966066
4000,5.7379999999999916,0.02,0.09080690472885763,0.007341429591178894
4100,5.499999999999992,0.01,0.08079616371265406,0.011822156608104706
4200,6.0104999999999915,0.02,0.07123777248504899,0.008884252980351448
4300,6.37849999999999,0.01,0.06220381981799685,0.01163611188530922
4400,5.991499999999991,0.0,0.05462599750943898,0.009684713557362556
4500,7.004999999999991,0.03,0.049999124186081836,0.012616231106221676
4600,6.759999999999995,0.03,0.049999124186081836,0.020891431719064713
4700,7.509499999999995,0.07,0.049999124186081836,0.014073572121560574
4800,7.037999999999996,0.07,0.049999124186081836,0.029878729954361916
4900,7.526999999999992,0.08,0.049999124186081836,0.021542774513363838
5000,7.343499999999993,0.02,0.049999124186081836,0.034226901829242706
5100,8.584499999999993,0.1,0.049999124186081836,0.022167470306158066
5200,8.129499999999995,0.04,0.049999124186081836,0.040762148797512054
5300,7.990999999999994,0.07,0.049999124186081836,0.055101558566093445
5400,9.5315,0.08,0.049999124186081836,0.3284485936164856
5500,8.217999999999995,0.06,0.049999124186081836,0.06685201078653336
5600,9.165999999999999,0.13,0.049999124186081836,0.047744154930114746
5700,9.729000000000006,0.13,0.049999124186081836,0.04686084762215614
5800,10.55350000000001,0.17,0.049999124186081836,0.11088678240776062
5900,10.102500000000012,0.16,0.049999124186081836,0.04052224010229111
6000,11.688500000000023,0.26,0.049999124186081836,0.11501001566648483
6100,11.291500000000017,0.28,0.049999124186081836,0.07695643603801727
6200,12.97500000000003,0.4,0.049999124186081836,0.05853559076786041
6300,11.690500000000018,0.27,0.049999124186081836,0.09711789339780807
6400,12.384000000000023,0.35,0.049999124186081836,0.09075196087360382
6500,13.006000000000036,0.42,0.049999124186081836,0.08303867280483246
6600,12.799000000000037,0.39,0.049999124186081836,0.15204662084579468
6700,12.485500000000032,0.35,0.049999124186081836,0.2029591202735901
6800,14.391500000000049,0.47,0.049999124186081836,0.20854580402374268
6900,15.554500000000054,0.61,0.049999124186081836,0.20413832366466522
7000,15.361000000000063,0.62,0.049999124186081836,0.15267106890678406
7100,15.56900000000006,0.6,0.049999124186081836,0.08074796199798584
7200,15.764000000000058,0.63,0.049999124186081836,0.08558070659637451
7300,15.793000000000065,0.6,0.049999124186081836,0.1793656051158905
7400,15.451500000000056,0.55,0.049999124186081836,0.10827699303627014
7500,14.581500000000055,0.5,0.049999124186081836,0.07763729989528656
7600,14.231500000000048,0.52,0.049999124186081836,0.15636278688907623
7700,15.21050000000006,0.57,0.049999124186081836,0.17963598668575287
7800,16.77200000000007,0.68,0.049999124186081836,0.09061308205127716
7900,15.593000000000064,0.6,0.049999124186081836,0.17996928095817566
8000,14.983500000000056,0.56,0.049999124186081836,0.08464024215936661
8100,16.321000000000065,0.67,0.049999124186081836,0.11606493592262268
8200,15.93400000000006,0.61,0.049999124186081836,0.1173720508813858
8300,15.889500000000057,0.64,0.049999124186081836,0.09229667484760284
8400,15.680000000000053,0.56,0.049999124186081836,0.06747422367334366
8500,16.115000000000066,0.57,0.049999124186081836,0.11925985664129257
8600,16.32750000000007,0.61,0.049999124186081836,0.08489669859409332
8700,15.978500000000064,0.57,0.049999124186081836,0.10385865718126297
8800,14.775000000000052,0.53,0.049999124186081836,0.11931575834751129
8900,16.628500000000074,0.66,0.049999124186081836,0.11110777407884598
9000,16.81800000000007,0.67,0.049999124186081836,0.07801976054906845
9100,15.974500000000065,0.63,0.049999124186081836,0.09645335376262665
9200,16.23850000000007,0.61,0.049999124186081836,0.07711873948574066
9300,16.00600000000006,0.64,0.049999124186081836,0.04730776697397232
9400,15.493000000000059,0.6,0.049999124186081836,0.3803580403327942
9500,16.73900000000007,0.68,0.049999124186081836,0.0774202048778534
9600,15.567000000000057,0.52,0.049999124186081836,0.10602617263793945
9700,16.319500000000065,0.64,0.049999124186081836,0.08400172740221024
9800,16.810000000000073,0.67,0.049999124186081836,0.09375641494989395
9900,15.702000000000062,0.57,0.049999124186081836,0.061133526265621185
10000,15.941000000000063,0.58,0.049999124186081836,0.061461739242076874
10100,17.309000000000072,0.67,0.049999124186081836,0.08847316354513168
10200,15.924000000000058,0.56,0.049999124186081836,0.05417174473404884
10300,16.082000000000065,0.59,0.049999124186081836,0.1252385973930359
10400,16.568500000000068,0.62,0.049999124186081836,0.23839029669761658
10500,16.180500000000062,0.61,0.049999124186081836,0.0834219679236412
10600,15.677000000000055,0.54,0.049999124186081836,0.08361703157424927
10700,15.93400000000006,0.58,0.049999124186081836,0.0511510893702507
10800,16.332000000000065,0.64,0.049999124186081836,0.12115535140037537
10900,16.02550000000006,0.58,0.049999124186081836,0.0733446478843689
11000,16.59950000000007,0.58,0.049999124186081836,0.0477786585688591
11100,16.770000000000074,0.63,0.049999124186081836,0.14577138423919678
11200,16.01700000000006,0.55,0.049999124186081836,0.06665150821208954
11300,15.970000000000063,0.6,0.049999124186081836,0.042322173714637756
11400,14.586000000000046,0.54,0.049999124186081836,0.07220067083835602
11500,14.593000000000048,0.5,0.049999124186081836,0.13919924199581146
11600,17.05250000000007,0.7,0.049999124186081836,0.1542367935180664
11700,15.903000000000063,0.56,0.049999124186081836,0.07314963638782501
11800,14.953000000000054,0.51,0.049999124186081836,0.09643085300922394
11900,15.404500000000057,0.55,0.049999124186081836,0.04583340883255005
12000,16.847000000000072,0.67,0.049999124186081836,0.08564825356006622
12100,16.619000000000067,0.64,0.049999124186081836,0.10516966134309769
12200,15.387500000000054,0.54,0.049999124186081836,0.08272121101617813
12300,15.61550000000006,0.53,0.049999124186081836,0.11939464509487152
12400,15.418500000000058,0.52,0.049999124186081836,0.2417415976524353
12500,15.501000000000051,0.52,0.049999124186081836,0.15448997914791107
12600,14.728500000000047,0.45,0.049999124186081836,0.1284702718257904
12700,15.317500000000052,0.52,0.049999124186081836,0.13581086695194244
12800,14.007000000000046,0.38,0.049999124186081836,0.21688801050186157
12900,13.574500000000034,0.38,0.049999124186081836,0.08573293685913086
13000,13.707500000000039,0.36,0.049999124186081836,0.1319645494222641
13100,15.025500000000044,0.46,0.049999124186081836,0.08166021853685379
13200,15.883000000000056,0.52,0.049999124186081836,0.09751015156507492
13300,16.286000000000072,0.54,0.049999124186081836,0.05344152823090553
13400,17.204000000000075,0.58,0.049999124186081836,0.10055381059646606
13500,17.028500000000076,0.59,0.049999124186081836,0.08743096143007278
13600,16.229500000000066,0.49,0.049999124186081836,0.06505701690912247
13700,15.793500000000066,0.5,0.049999124186081836,0.08247342705726624
13800,16.99550000000007,0.57,0.049999124186081836,0.06386614590883255
13900,15.534000000000058,0.53,0.049999124186081836,0.06105072796344757
14000,17.434000000000072,0.67,0.049999124186081836,0.0527048334479332
14100,17.418000000000077,0.64,0.049999124186081836,0.038783326745033264
14200,15.631500000000058,0.49,0.049999124186081836,0.03709352761507034
14300,16.099000000000057,0.54,0.049999124186081836,0.03809764236211777
14400,17.556500000000074,0.68,0.049999124186081836,0.04105912521481514
14500,15.791500000000065,0.55,0.049999124186081836,0.050479479134082794
14600,16.60750000000007,0.6,0.049999124186081836,0.06323620676994324
14700,17.691500000000087,0.68,0.049999124186081836,0.045703157782554626
14800,17.754500000000075,0.66,0.049999124186081836,0.03520188480615616
14900,16.659500000000072,0.55,0.049999124186081836,0.23849649727344513
15000,16.69600000000007,0.57,0.049999124186081836,0.03377794474363327
15100,17.22850000000008,0.65,0.049999124186081836,0.03749419003725052
15200,15.965500000000066,0.56,0.049999124186081836,0.03616219758987427
15300,17.037000000000077,0.63,0.049999124186081836,0.06512484699487686
15400,17.111000000000075,0.68,0.049999124186081836,0.08082740753889084
15500,17.48700000000008,0.66,0.049999124186081836,0.2565728425979614
15600,17.02100000000007,0.62,0.049999124186081836,0.042727209627628326
15700,16.103000000000065,0.58,0.049999124186081836,0.0664263665676117
15800,16.607000000000074,0.59,0.049999124186081836,0.042572516947984695
15900,15.544500000000058,0.53,0.049999124186081836,0.12092949450016022
16000,15.121500000000056,0.48,0.049999124186081836,0.06359828263521194
16100,17.07900000000008,0.6,0.049999124186081836,0.033558815717697144
16200,16.906500000000072,0.57,0.049999124186081836,0.050736770033836365
16300,18.082000000000086,0.68,0.049999124186081836,0.05111699923872948
16400,17.208500000000072,0.64,0.049999124186081836,0.043409548699855804
16500,17.75150000000008,0.68,0.049999124186081836,0.0541677288711071
16600,15.865500000000063,0.55,0.049999124186081836,0.08274737745523453
16700,16.903500000000076,0.59,0.049999124186081836,0.027693718671798706
16800,17.829000000000086,0.62,0.049999124186081836,0.030557461082935333
16900,17.19600000000008,0.6,0.049999124186081836,0.030079588294029236
17000,17.39400000000008,0.65,0.049999124186081836,0.23408252000808716
17100,17.873000000000083,0.68,0.049999124186081836,0.05381232872605324
17200,16.914000000000076,0.6,0.049999124186081836,0.03306478634476662
17300,17.220500000000076,0.63,0.049999124186081836,0.051464855670928955
17400,16.723500000000072,0.61,0.049999124186081836,0.036203958094120026
17500,15.270000000000064,0.52,0.049999124186081836,0.04988423362374306
17600,17.14300000000008,0.59,0.049999124186081836,0.04249507933855057
17700,17.259000000000086,0.59,0.049999124186081836,0.11744411289691925
17800,18.476500000000087,0.71,0.049999124186081836,0.07964399456977844
17900,17.606000000000083,0.68,0.049999124186081836,0.03152810037136078
18000,16.72650000000008,0.61,0.049999124186081836,0.3642084300518036
18100,16.075500000000073,0.56,0.049999124186081836,0.09774215519428253
18200,16.05900000000007,0.56,0.049999124186081836,0.06484980881214142
18300,17.34250000000008,0.66,0.049999124186081836,0.04733362793922424
18400,16.71250000000007,0.61,0.049999124186081836,0.031386494636535645
18500,15.243500000000061,0.5,0.049999124186081836,0.038350701332092285
18600,16.18400000000007,0.59,0.049999124186081836,0.03048914670944214
18700,17.865500000000083,0.67,0.049999124186081836,0.04407434165477753
18800,18.098000000000084,0.67,0.049999124186081836,0.09675315022468567
18900,16.47450000000007,0.54,0.049999124186081836,0.0425584614276886
19000,16.69000000000007,0.55,0.049999124186081836,0.09270848333835602
19100,17.11450000000008,0.63,0.049999124186081836,0.037117160856723785
19200,17.16050000000008,0.6,0.049999124186081836,0.02518836036324501
19300,16.242500000000067,0.52,0.049999124186081836,0.07862742245197296
19400,15.963500000000066,0.49,0.049999124186081836,0.035267651081085205
19500,17.336500000000083,0.62,0.049999124186081836,0.03372367098927498
19600,17.24400000000008,0.6,0.049999124186081836,0.07741597294807434
19700,17.644500000000082,0.64,0.049999124186081836,0.0343489870429039
19800,16.92200000000007,0.57,0.049999124186081836,0.033351581543684006
19900,17.632500000000082,0.65,0.049999124186081836,0.05261269956827164
20000,16.842500000000072,0.57,0.049999124186081836,0.044564053416252136
20100,17.034500000000076,0.58,0.049999124186081836,0.0386626198887825
20200,17.72750000000008,0.65,0.049999124186081836,0.03385678678750992
20300,16.68200000000007,0.55,0.049999124186081836,0.021771814674139023
20400,16.280000000000065,0.57,0.049999124186081836,0.041286639869213104
20500,16.66750000000007,0.57,0.049999124186081836,0.47923535108566284
20600,17.752000000000073,0.65,0.049999124186081836,0.028490349650382996
20700,17.165500000000076,0.66,0.049999124186081836,0.05427470803260803
20800,16.277500000000067,0.57,0.049999124186081836,0.037733763456344604
20900,17.307500000000076,0.66,0.049999124186081836,0.033347487449645996
21000,16.76100000000007,0.64,0.049999124186081836,0.08068853616714478
21100,16.948500000000074,0.62,0.049999124186081836,0.03526248037815094
21200,16.461000000000066,0.52,0.049999124186081836,0.06512689590454102
21300,17.255500000000076,0.63,0.049999124186081836,0.027240168303251266
21400,17.67950000000008,0.64,0.049999124186081836,0.018610218539834023
21500,16.41400000000007,0.52,0.049999124186081836,0.0976969450712204
21600,16.978000000000076,0.54,0.049999124186081836,0.07104036211967468
21700,16.266500000000068,0.57,0.049999124186081836,0.0495891310274601
21800,16.067500000000067,0.57,0.049999124186081836,0.03304913640022278
21900,15.910000000000064,0.58,0.049999124186081836,0.08319982141256332
22000,15.786500000000064,0.57,0.049999124186081836,0.05093121901154518
22100,16.27200000000007,0.51,0.049999124186081836,0.06099626421928406
22200,17.483500000000078,0.68,0.049999124186081836,0.031256064772605896
22300,16.27200000000007,0.53,0.049999124186081836,0.03249163180589676
22400,17.670500000000082,0.65,0.049999124186081836,0.02830660715699196
22500,17.699500000000086,0.64,0.049999124186081836,0.03764887526631355
22600,17.335500000000074,0.67,0.049999124186081836,0.02682294324040413
22700,16.64900000000007,0.62,0.049999124186081836,0.09423089027404785
22800,17.182500000000076,0.61,0.049999124186081836,0.046806249767541885
22900,16.91550000000007,0.61,0.049999124186081836,0.10199469327926636
23000,17.28000000000007,0.63,0.049999124186081836,0.035779230296611786
23100,16.827000000000073,0.61,0.049999124186081836,0.04223252460360527
23200,16.40250000000006,0.58,0.049999124186081836,0.05256497859954834
23300,17.169500000000085,0.62,0.049999124186081836,0.06484764069318771
23400,16.974500000000077,0.57,0.049999124186081836,0.06168513000011444
23500,17.13800000000007,0.64,0.049999124186081836,0.06442126631736755
23600,18.116000000000085,0.66,0.049999124186081836,0.04614084213972092
23700,17.47700000000008,0.68,0.049999124186081836,0.04130847752094269
23800,17.188500000000076,0.62,0.049999124186081836,0.0561976283788681
23900,16.62050000000007,0.54,0.049999124186081836,0.04328911006450653
24000,16.480500000000067,0.58,0.049999124186081836,0.037012021988630295
24100,17.134000000000075,0.63,0.049999124186081836,0.04827532172203064
24200,18.856500000000096,0.73,0.049999124186081836,0.07290775328874588
24300,16.502500000000072,0.56,0.049999124186081836,0.019525347277522087
24400,17.365000000000084,0.6,0.049999124186081836,0.29487618803977966
24500,17.068000000000076,0.55,0.049999124186081836,0.10446566343307495
24600,18.679000000000087,0.71,0.049999124186081836,0.6536134481430054
24700,16.519000000000073,0.56,0.049999124186081836,0.03213973343372345
24800,18.81600000000009,0.75,0.049999124186081836,0.046453945338726044
24900,18.20700000000009,0.66,0.049999124186081836,0.03567273169755936
25000,17.751000000000086,0.62,0.049999124186081836,0.03300883620977402
25100,17.51700000000008,0.58,0.049999124186081836,0.026719752699136734
25200,18.04950000000009,0.63,0.049999124186081836,0.4674614667892456
25300,17.059500000000074,0.55,0.049999124186081836,0.033324748277664185
25400,18.224500000000088,0.7,0.049999124186081836,0.03569817543029785
25500,16.17550000000007,0.52,0.049999124186081836,0.029541335999965668
25600,16.68750000000007,0.56,0.049999124186081836,0.025764236226677895
25700,17.174000000000085,0.58,0.049999124186081836,0.035864681005477905
25800,17.103500000000082,0.59,0.049999124186081836,0.03160020709037781
25900,16.604000000000074,0.56,0.049999124186081836,0.09292818605899811
26000,17.275500000000076,0.66,0.049999124186081836,0.06850425899028778
26100,15.084500000000057,0.45,0.049999124186081836,0.15749871730804443
26200,16.629000000000072,0.57,0.049999124186081836,0.035586901009082794
26300,17.18050000000008,0.59,0.049999124186081836,0.028630483895540237
26400,15.834000000000065,0.53,0.049999124186081836,0.07718338817358017
26500,16.994000000000074,0.59,0.049999124186081836,0.026171891018748283
26600,16.85750000000007,0.54,0.049999124186081836,0.03499600291252136
26700,17.160000000000075,0.58,0.049999124186081836,0.0635588988661766
26800,14.218000000000044,0.43,0.049999124186081836,0.043563537299633026
26900,15.431500000000058,0.47,0.049999124186081836,0.03327732905745506
27000,16.569000000000074,0.53,0.049999124186081836,0.06709404289722443
27100,16.599500000000067,0.55,0.049999124186081836,0.03626611828804016
27200,16.875000000000075,0.55,0.049999124186081836,0.2558066248893738
27300,16.227000000000068,0.5,0.049999124186081836,0.04627329856157303
27400,16.363500000000066,0.53,0.049999124186081836,0.05257537215948105
27500,15.65400000000006,0.52,0.049999124186081836,0.05133448913693428
27600,15.010000000000048,0.52,0.049999124186081836,0.03598390892148018
27700,16.483000000000064,0.58,0.049999124186081836,0.03304702788591385
27800,15.96050000000006,0.52,0.049999124186081836,0.04154112562537193
27900,15.367500000000057,0.48,0.049999124186081836,0.08926668763160706
28000,16.183000000000067,0.49,0.049999124186081836,0.04920617863535881
28100,17.59100000000008,0.62,0.049999124186081836,0.04824123531579971
28200,16.06050000000007,0.5,0.049999124186081836,0.0406343936920166
28300,16.542000000000073,0.53,0.049999124186081836,0.02656400576233864
28400,15.952000000000066,0.48,0.049999124186081836,0.05054841190576553
28500,17.739000000000082,0.55,0.049999124186081836,0.03271402418613434
28600,15.734500000000061,0.48,0.049999124186081836,0.04801458120346069
28700,15.915000000000063,0.52,0.049999124186081836,0.0918261855840683
28800,16.282000000000068,0.5,0.049999124186081836,0.03656809404492378
28900,16.773000000000078,0.57,0.049999124186081836,0.028609050437808037
29000,15.28150000000006,0.48,0.049999124186081836,0.08858856558799744
29100,16.990000000000077,0.55,0.049999124186081836,0.0409136638045311
29200,17.280000000000076,0.6,0.049999124186081836,0.025557857006788254
29300,17.00900000000007,0.54,0.049999124186081836,0.035777393728494644
29400,16.307000000000063,0.53,0.049999124186081836,0.08454771339893341
29500,16.953500000000073,0.56,0.049999124186081836,0.06338512897491455
29600,15.695000000000059,0.52,0.049999124186081836,0.027072537690401077
29700,15.472000000000062,0.46,0.049999124186081836,0.02731475606560707
29800,16.64200000000007,0.56,0.049999124186081836,0.03235602378845215
29900,15.981500000000064,0.46,0.049999124186081836,0.04164385423064232
30000,16.501000000000065,0.49,0.049999124186081836,0.04628779739141464
30100,16.76550000000007,0.52,0.049999124186081836,0.04110362380743027
30200,16.743000000000066,0.5,0.049999124186081836,0.031971998512744904
30300,16.861500000000074,0.5,0.049999124186081836,0.03509530425071716
30400,17.62750000000008,0.54,0.049999124186081836,0.026684138923883438
30500,16.899000000000072,0.55,0.049999124186081836,0.021201979368925095
30600,17.739000000000082,0.58,0.049999124186081836,0.03411508724093437
30700,16.915000000000077,0.52,0.049999124186081836,0.035585977137088776
30800,17.525000000000084,0.59,0.049999124186081836,0.05244848504662514
30900,17.088500000000078,0.55,0.049999124186081836,0.045648589730262756
31000,17.230000000000082,0.57,0.049999124186081836,0.05867631360888481
31100,16.461000000000073,0.53,0.049999124186081836,0.03428918495774269
31200,16.555000000000067,0.54,0.049999124186081836,0.03128206729888916
31300,17.316000000000077,0.62,0.049999124186081836,0.043582431972026825
31400,16.64800000000007,0.54,0.049999124186081836,0.053577154874801636
31500,17.799500000000084,0.65,0.049999124186081836,0.5404170751571655
31600,16.76500000000008,0.58,0.049999124186081836,0.07819284498691559
31700,17.289500000000075,0.57,0.049999124186081836,0.04599465802311897
31800,17.18050000000008,0.61,0.049999124186081836,0.060723334550857544
31900,17.635000000000083,0.57,0.049999124186081836,0.041972726583480835
32000,19.079500000000095,0.73,0.049999124186081836,0.02961861714720726
32100,16.568000000000076,0.55,0.049999124186081836,0.0443078987300396
32200,16.144000000000073,0.48,0.049999124186081836,0.05436820536851883
32300,17.741500000000084,0.59,0.049999124186081836,0.030233586207032204
32400,17.06700000000008,0.56,0.049999124186081836,0.059552423655986786
32500,15.113000000000058,0.45,0.049999124186081836,0.027648460119962692
32600,17.413000000000082,0.6,0.049999124186081836,0.030847156420350075
32700,17.09850000000008,0.53,0.049999124186081836,0.02757028490304947
32800,16.43850000000007,0.52,0.049999124186081836,0.03035251423716545
32900,17.077000000000076,0.54,0.049999124186081836,0.042585697025060654
33000,17.623500000000078,0.64,0.049999124186081836,0.4553813636302948
33100,18.03750000000009,0.64,0.049999124186081836,0.03975469991564751
33200,15.692500000000061,0.5,0.049999124186081836,0.02017385885119438
33300,17.776500000000084,0.67,0.049999124186081836,0.05209987983107567
33400,15.405000000000054,0.47,0.049999124186081836,0.025338297709822655
33500,16.69400000000007,0.53,0.049999124186081836,0.03802186995744705
33600,16.45250000000007,0.54,0.049999124186081836,0.038224730640649796
33700,16.840500000000073,0.52,0.049999124186081836,0.23766203224658966
33800,18.046000000000085,0.61,0.049999124186081836,0.0353550910949707
33900,15.699000000000064,0.47,0.049999124186081836,0.3691169023513794
34000,16.60700000000007,0.52,0.049999124186081836,0.03458957001566887
34100,17.561500000000084,0.6,0.049999124186081836,0.031109068542718887
34200,17.786500000000082,0.6,0.049999124186081836,0.03516320139169693
34300,17.829000000000086,0.58,0.049999124186081836,0.015706265345215797
34400,16.833000000000073,0.55,0.049999124186081836,0.04889708012342453
34500,17.14300000000007,0.55,0.049999124186081836,0.033423930406570435
34600,17.82700000000009,0.65,0.049999124186081836,0.026312634348869324
34700,17.703500000000076,0.57,0.049999124186081836,0.03787922114133835
34800,18.908000000000087,0.72,0.049999124186081836,0.04233970865607262
34900,18.769500000000093,0.76,0.049999124186081836,0.040954723954200745
35000,17.07350000000007,0.61,0.049999124186081836,0.027304645627737045
35100,16.628000000000068,0.56,0.049999124186081836,0.038520798087120056
35200,17.280000000000076,0.66,0.049999124186081836,0.16486917436122894
35300,16.322500000000062,0.52,0.049999124186081836,0.03672918304800987
35400,16.821500000000075,0.57,0.049999124186081836,0.05483071133494377
35500,17.485000000000078,0.6,0.049999124186081836,0.026958512142300606
35600,17.78050000000009,0.66,0.049999124186081836,0.037279460579156876
35700,17.290500000000083,0.64,0.049999124186081836,0.04723019897937775
35800,17.23400000000008,0.62,0.049999124186081836,0.06369928270578384
35900,17.416500000000077,0.66,0.049999124186081836,0.02062629535794258
36000,16.257000000000065,0.58,0.049999124186081836,0.02011778950691223
36100,18.27450000000009,0.69,0.049999124186081836,0.04660345986485481
36200,17.459000000000078,0.64,0.049999124186081836,0.1819792091846466
36300,18.30650000000009,0.68,0.049999124186081836,0.06639531254768372
36400,18.21350000000009,0.63,0.049999124186081836,0.03635171800851822
36500,17.66500000000008,0.55,0.049999124186081836,0.026834867894649506
36600,18.426500000000093,0.63,0.049999124186081836,0.07540381699800491
36700,17.35850000000008,0.56,0.049999124186081836,0.02184092253446579
36800,17.44600000000008,0.65,0.049999124186081836,0.05517829582095146
36900,16.925500000000078,0.57,0.049999124186081836,0.027284398674964905
37000,18.096000000000092,0.62,0.049999124186081836,0.024416668340563774
37100,18.31150000000009,0.66,0.049999124186081836,0.03724850341677666
37200,17.791000000000082,0.71,0.049999124186081836,0.02565748244524002
37300,19.0720000000001,0.73,0.049999124186081836,0.034329965710639954
37400,18.732500000000098,0.69,0.049999124186081836,0.02587517350912094
37500,17.68900000000008,0.63,0.049999124186081836,0.021703321486711502
37600,18.375500000000084,0.7,0.049999124186081836,0.022394198924303055
37700,16.840000000000067,0.6,0.049999124186081836,0.02861112728714943
37800,18.6570000000001,0.7,0.049999124186081836,0.06288681924343109
37900,16.818000000000076,0.6,0.049999124186081836,0.029287323355674744
38000,17.31300000000008,0.58,0.049999124186081836,0.032337091863155365
38100,17.47050000000008,0.61,0.049999124186081836,0.02963549830019474
38200,17.079500000000074,0.59,0.049999124186081836,0.031960874795913696
38300,17.857000000000074,0.68,0.049999124186081836,0.02520691603422165
38400,18.400500000000086,0.7,0.049999124186081836,0.02952425181865692
38500,19.0640000000001,0.74,0.049999124186081836,0.058450598269701004
38600,17.73850000000008,0.64,0.049999124186081836,0.060322970151901245
38700,18.7275000000001,0.72,0.049999124186081836,0.01903749443590641
38800,18.12800000000009,0.68,0.049999124186081836,0.02222766913473606
38900,19.505000000000095,0.77,0.049999124186081836,0.0177232064306736
39000,16.175500000000067,0.59,0.049999124186081836,0.02163541503250599
39100,17.804500000000083,0.67,0.049999124186081836,0.03902607411146164
39200,18.463500000000096,0.7,0.049999124186081836,0.020958293229341507
39300,18.84700000000009,0.73,0.049999124186081836,0.030670061707496643
39400,17.718500000000084,0.65,0.049999124186081836,0.025746574625372887
39500,17.12100000000008,0.61,0.049999124186081836,0.41201648116111755
39600,17.998000000000083,0.6,0.049999124186081836,0.02222222089767456
39700,18.442500000000088,0.6,0.049999124186081836,0.02508791722357273
39800,19.2035000000001,0.67,0.049999124186081836,0.036348700523376465
39900,19.394000000000098,0.72,0.049999124186081836,0.03171471133828163
40000,18.575000000000095,0.65,0.049999124186081836,0.022506365552544594
40100,17.60950000000008,0.62,0.049999124186081836,0.05115422606468201
40200,17.03950000000007,0.68,0.049999124186081836,0.023901890963315964
40300,18.700500000000083,0.71,0.049999124186081836,0.38197681307792664
40400,17.81300000000008,0.64,0.049999124186081836,0.021553145721554756
40500,18.45100000000009,0.69,0.049999124186081836,0.041688062250614166
40600,18.006500000000088,0.63,0.049999124186081836,0.06152135133743286
40700,18.068000000000094,0.56,0.049999124186081836,0.020453572273254395
40800,18.987000000000094,0.69,0.049999124186081836,0.0262872613966465
40900,18.686500000000095,0.67,0.049999124186081836,0.021096251904964447
41000,17.810500000000086,0.66,0.049999124186081836,0.07835373282432556
41100,17.83600000000008,0.64,0.049999124186081836,0.024764375761151314
41200,18.865000000000094,0.68,0.049999124186081836,0.4363345801830292
41300,17.243500000000076,0.62,0.049999124186081836,0.022937607020139694
41400,16.774000000000076,0.56,0.049999124186081836,0.032053057104349136
41500,18.43500000000008,0.68,0.049999124186081836,0.03258269652724266
41600,17.99850000000008,0.63,0.049999124186081836,0.03199879080057144
41700,17.13950000000007,0.55,0.049999124186081836,0.02530023828148842
41800,17.583000000000084,0.63,0.049999124186081836,0.01914125308394432
41900,17.766500000000075,0.6,0.049999124186081836,0.036420516669750214
42000,18.667500000000096,0.67,0.049999124186081836,0.02828286588191986
42100,17.977500000000088,0.6,0.049999124186081836,0.0432431697845459
42200,18.539000000000083,0.7,0.049999124186081836,0.03169970586895943
42300,17.973500000000072,0.65,0.049999124186081836,0.01754606142640114
42400,18.105000000000086,0.61,0.049999124186081836,0.031967923045158386
42500,18.556500000000092,0.68,0.049999124186081836,0.031507521867752075
42600,17.221500000000084,0.6,0.049999124186081836,0.024161001667380333
42700,17.61500000000008,0.61,0.049999124186081836,0.16171638667583466
42800,17.219500000000078,0.67,0.049999124186081836,0.029062971472740173
42900,17.261500000000073,0.66,0.049999124186081836,0.027298107743263245
43000,17.87750000000008,0.66,0.049999124186081836,0.03494327515363693
43100,19.652000000000093,0.77,0.049999124186081836,0.04692259430885315
43200,17.31700000000008,0.67,0.049999124186081836,0.03868895024061203
43300,18.777000000000083,0.7,0.049999124186081836,0.03195871785283089
43400,18.293000000000085,0.69,0.049999124186081836,0.02661486715078354
43500,19.02250000000009,0.76,0.049999124186081836,0.0233742818236351
43600,18.081000000000085,0.63,0.049999124186081836,0.04041155427694321
43700,19.40600000000009,0.75,0.049999124186081836,0.02950383350253105
43800,18.393000000000097,0.69,0.049999124186081836,0.04511450231075287
43900,17.677500000000077,0.67,0.049999124186081836,0.01829414814710617
44000,17.371000000000077,0.63,0.049999124186081836,0.0592426061630249
44100,18.649000000000083,0.74,0.049999124186081836,0.02603781223297119
44200,17.681000000000083,0.65,0.049999124186081836,0.028904663398861885
44300,18.120000000000086,0.63,0.049999124186081836,0.022696485742926598
44400,18.281000000000088,0.64,0.049999124186081836,0.06076814606785774
44500,17.66350000000008,0.61,0.049999124186081836,0.029176825657486916
44600,18.607000000000085,0.67,0.049999124186081836,0.021259993314743042
44700,19.588500000000103,0.72,0.049999124186081836,0.0907479077577591
44800,19.154500000000102,0.69,0.049999124186081836,0.03587689250707626
44900,17.43150000000007,0.6,0.049999124186081836,0.0624312162399292
45000,19.060500000000093,0.77,0.049999124186081836,0.05361241102218628
45100,17.84100000000008,0.72,0.049999124186081836,0.05649426206946373
45200,18.784000000000088,0.74,0.049999124186081836,0.026119699701666832
45300,19.02800000000009,0.72,0.049999124186081836,0.0238649919629097
45400,18.06700000000008,0.67,0.049999124186081836,0.048403866589069366
45500,19.645500000000094,0.8,0.049999124186081836,0.02678302861750126
45600,17.722500000000085,0.64,0.049999124186081836,0.03109569102525711
45700,18.97750000000009,0.76,0.049999124186081836,0.08377859741449356
45800,18.535000000000096,0.67,0.049999124186081836,0.01758701354265213
45900,18.082500000000085,0.59,0.049999124186081836,0.028078030794858932
46000,17.65050000000008,0.65,0.049999124186081836,0.053005822002887726
46100,17.908000000000087,0.67,0.049999124186081836,0.021492712199687958
46200,18.368000000000087,0.65,0.049999124186081836,0.029043013229966164
46300,19.000000000000092,0.73,0.049999124186081836,0.030855251476168633
46400,18.18100000000009,0.68,0.049999124186081836,0.2555839717388153
46500,19.12900000000009,0.69,0.049999124186081836,0.030377348884940147
46600,18.9485000000001,0.7,0.049999124186081836,0.028122300282120705
46700,18.618000000000094,0.65,0.049999124186081836,0.048705197870731354
46800,19.255000000000095,0.72,0.049999124186081836,0.023289106786251068
46900,16.463500000000067,0.74,0.049999124186081836,0.04306627810001373
47000,17.680000000000078,0.62,0.049999124186081836,0.02355833537876606
47100,16.429500000000072,0.7,0.049999124186081836,0.6481754183769226
47200,16.727000000000068,0.61,0.049999124186081836,0.01946355402469635
47300,17.72050000000008,0.7,0.049999124186081836,0.043843381106853485
47400,18.79650000000009,0.73,0.049999124186081836,0.03497567027807236
47500,18.269000000000084,0.68,0.049999124186081836,0.041712477803230286
47600,18.007500000000082,0.65,0.049999124186081836,0.04630593955516815
47700,18.558500000000084,0.68,0.049999124186081836,0.03852062672376633
47800,19.10000000000009,0.76,0.049999124186081836,0.03061816655099392
47900,18.05450000000008,0.65,0.049999124186081836,0.08373896777629852
48000,17.47000000000008,0.66,0.049999124186081836,0.30319446325302124
48100,18.263500000000082,0.64,0.049999124186081836,0.03724020719528198
48200,18.55000000000009,0.64,0.049999124186081836,0.055082086473703384
48300,18.979500000000098,0.71,0.049999124186081836,0.04082699865102768
48400,19.287000000000102,0.66,0.049999124186081836,0.03379950299859047
48500,18.401500000000087,0.61,0.049999124186081836,0.07449014484882355
48600,18.765000000000093,0.64,0.049999124186081836,0.09287267923355103
48700,19.4075000000001,0.71,0.049999124186081836,0.028649242594838142
48800,18.693500000000093,0.66,0.049999124186081836,0.03488098084926605
48900,17.40700000000008,0.56,0.049999124186081836,0.03225535899400711
49000,18.508500000000094,0.62,0.049999124186081836,0.025327913463115692
49100,18.115000000000084,0.63,0.049999124186081836,0.025845132768154144
49200,18.765000000000093,0.69,0.049999124186081836,0.0215737484395504
49300,18.26050000000009,0.64,0.049999124186081836,0.02776728942990303
49400,17.240500000000072,0.65,0.049999124186081836,0.04331202059984207
49500,19.059500000000092,0.68,0.049999124186081836,0.07346225529909134
49600,18.28400000000009,0.66,0.049999124186081836,0.03909549117088318
49700,18.58100000000009,0.68,0.049999124186081836,0.03289138525724411
49800,18.77900000000009,0.75,0.049999124186081836,0.020112784579396248
49900,17.86750000000008,0.68,0.049999124186081836,0.03958958387374878
50000,18.50400000000009,0.71,0.049999124186081836,0.021813860163092613
50100,19.821000000000105,0.8,0.049999124186081836,0.08049335330724716
50200,19.233500000000095,0.68,0.049999124186081836,0.045146599411964417
50300,18.58950000000009,0.68,0.049999124186081836,0.01951313577592373
50400,19.2115000000001,0.66,0.049999124186081836,0.06074969097971916
50500,18.25200000000009,0.58,0.049999124186081836,0.06208573281764984
50600,18.40200000000009,0.63,0.049999124186081836,0.025482408702373505
50700,18.446500000000093,0.64,0.049999124186081836,0.1603420525789261
50800,18.540500000000087,0.65,0.049999124186081836,0.10344971716403961
50900,18.154000000000078,0.69,0.049999124186081836,0.031310632824897766
51000,18.020500000000084,0.63,0.049999124186081836,0.11394795030355453
51100,18.292500000000086,0.61,0.049999124186081836,0.03542311117053032
51200,19.232000000000095,0.69,0.049999124186081836,0.03146836906671524
51300,17.751000000000083,0.65,0.049999124186081836,0.04268581420183182
51400,17.852000000000082,0.6,0.049999124186081836,0.03448331356048584
51500,18.612000000000084,0.68,0.049999124186081836,0.039098769426345825
51600,17.12950000000008,0.64,0.049999124186081836,0.04161751642823219
51700,18.19550000000009,0.64,0.049999124186081836,0.02169182524085045
51800,17.200500000000066,0.63,0.049999124186081836,0.04769985377788544
51900,17.57300000000007,0.62,0.049999124186081836,0.02774694189429283
52000,19.099000000000093,0.74,0.049999124186081836,0.08620231598615646
52100,18.051000000000084,0.57,0.049999124186081836,0.034918107092380524
52200,17.01800000000007,0.59,0.049999124186081836,0.03210016340017319
52300,16.978500000000064,0.62,0.049999124186081836,0.08673544973134995
52400,17.175500000000067,0.67,0.049999124186081836,0.03396402299404144
52500,18.38600000000009,0.68,0.049999124186081836,0.03196769207715988
52600,18.22400000000009,0.69,0.049999124186081836,0.03296121954917908
52700,18.999000000000084,0.72,0.049999124186081836,0.29982298612594604
52800,19.090500000000095,0.7,0.049999124186081836,0.022668741643428802
52900,17.693000000000087,0.61,0.049999124186081836,0.030650876462459564
53000,17.01350000000007,0.54,0.049999124186081836,0.03332085907459259
53100,17.852000000000082,0.65,0.049999124186081836,0.12666188180446625
53200,17.831500000000084,0.73,0.049999124186081836,0.044242776930332184
53300,17.286000000000076,0.63,0.049999124186081836,0.040148038417100906
53400,17.718500000000077,0.68,0.049999124186081836,0.03811531513929367
53500,17.85400000000008,0.67,0.049999124186081836,0.03505637124180794
53600,17.393000000000075,0.61,0.049999124186081836,0.0376940481364727
53700,19.600500000000103,0.8,0.049999124186081836,0.04129903391003609
53800,17.38950000000008,0.6,0.049999124186081836,0.030917543917894363
53900,17.68500000000008,0.67,0.049999124186081836,0.026394180953502655
54000,18.609500000000093,0.69,0.049999124186081836,0.03384852409362793
54100,17.584000000000078,0.67,0.049999124186081836,0.030586745589971542
54200,18.567500000000088,0.69,0.049999124186081836,0.029094966128468513
54300,18.71550000000009,0.68,0.049999124186081836,0.15842454135417938
54400,17.98200000000008,0.68,0.049999124186081836,0.03861548751592636
54500,18.103000000000087,0.66,0.049999124186081836,0.05292578786611557
54600,17.850000000000087,0.62,0.049999124186081836,0.023477572947740555
54700,17.188000000000073,0.66,0.049999124186081836,0.023210976272821426
54800,16.69100000000007,0.6,0.049999124186081836,0.3183143734931946
54900,18.95400000000009,0.75,0.049999124186081836,0.019402028992772102
55000,17.98900000000009,0.69,0.049999124186081836,0.03290349245071411
55100,18.924000000000095,0.73,0.049999124186081836,0.025577958673238754
55200,17.642000000000074,0.66,0.049999124186081836,0.029484838247299194
55300,18.375000000000085,0.75,0.049999124186081836,0.03617759048938751
55400,18.44950000000009,0.7,0.049999124186081836,0.03426913172006607
55500,17.248500000000075,0.64,0.049999124186081836,0.028376739472150803
55600,18.616000000000092,0.7,0.049999124186081836,0.021075371652841568
55700,17.829000000000086,0.63,0.049999124186081836,0.020836401730775833
55800,18.181500000000085,0.68,0.049999124186081836,0.01928461529314518
55900,18.647000000000094,0.68,0.049999124186081836,0.03532332926988602
56000,19.024500000000092,0.73,0.049999124186081836,0.028923170641064644
56100,19.448000000000096,0.69,0.049999124186081836,0.034595731645822525
56200,17.91050000000008,0.64,0.049999124186081836,0.055764537304639816
56300,16.920000000000076,0.63,0.049999124186081836,0.026252564042806625
56400,17.558000000000078,0.63,0.049999124186081836,0.05739768594503403
56500,18.55650000000008,0.7,0.049999124186081836,0.01638006418943405
56600,18.097500000000085,0.62,0.049999124186081836,0.028745640069246292
56700,18.559000000000083,0.66,0.049999124186081836,0.03485959395766258
56800,16.680000000000074,0.49,0.049999124186081836,0.01840033382177353
56900,17.983500000000085,0.68,0.049999124186081836,0.08745761215686798
57000,16.490500000000072,0.52,0.049999124186081836,0.06210020184516907
57100,17.916000000000082,0.66,0.049999124186081836,0.023688187822699547
57200,18.52100000000009,0.69,0.049999124186081836,0.10134164988994598
57300,19.1000000000001,0.71,0.049999124186081836,0.07867452502250671
57400,17.17550000000007,0.67,0.049999124186081836,0.023921096697449684
57500,16.74450000000007,0.59,0.049999124186081836,0.04584294930100441
57600,18.043500000000094,0.68,0.049999124186081836,0.3261641263961792
57700,17.720500000000083,0.62,0.049999124186081836,0.02375539392232895
57800,18.657000000000092,0.68,0.049999124186081836,0.038395822048187256
57900,18.22100000000009,0.59,0.049999124186081836,0.03908295929431915
58000,18.029500000000077,0.64,0.049999124186081836,0.041194140911102295
58100,18.418000000000085,0.63,0.049999124186081836,0.028137443587183952
58200,17.880000000000088,0.59,0.049999124186081836,0.03505623713135719
58300,18.6255000000001,0.63,0.049999124186081836,0.016792668029665947
58400,18.601000000000102,0.65,0.049999124186081836,0.04987666755914688
58500,17.599000000000082,0.62,0.049999124186081836,0.06359565258026123
58600,19.050500000000095,0.71,0.049999124186081836,0.09026752412319183
58700,18.7895000000001,0.72,0.049999124186081836,0.029452286660671234
58800,19.954500000000117,0.76,0.049999124186081836,0.02138306014239788
58900,17.949000000000083,0.6,0.049999124186081836,0.1144438311457634
59000,18.797000000000093,0.66,0.049999124186081836,0.023390039801597595
59100,18.64700000000009,0.69,0.049999124186081836,0.01858697086572647
59200,17.584500000000077,0.59,0.049999124186081836,0.026975411921739578
59300,17.618500000000086,0.59,0.049999124186081836,0.019041702151298523
59400,18.657500000000095,0.65,0.049999124186081836,0.0351322665810585
59500,18.518000000000086,0.64,0.049999124186081836,0.04309818148612976
59600,17.533000000000083,0.61,0.049999124186081836,0.045464709401130676
59700,17.72300000000008,0.65,0.049999124186081836,0.04493168741464615
59800,18.527500000000092,0.64,0.049999124186081836,0.06741257756948471
59900,18.24100000000009,0.63,0.049999124186081836,0.03108593448996544
60000,18.463500000000085,0.67,0.049999124186081836,0.035270582884550095
60100,19.016500000000093,0.68,0.049999124186081836,0.033518336713314056
60200,18.511000000000084,0.75,0.049999124186081836,0.03677445650100708
60300,15.616500000000055,0.66,0.049999124186081836,0.03102796897292137
60400,16.615000000000073,0.67,0.049999124186081836,0.22340907156467438
60500,16.42500000000006,0.62,0.049999124186081836,0.047824472188949585
60600,17.057500000000076,0.68,0.049999124186081836,0.03580285236239433
60700,18.738000000000092,0.74,0.049999124186081836,0.03193581476807594
60800,17.857500000000083,0.67,0.049999124186081836,0.041254229843616486
60900,18.369000000000085,0.7,0.049999124186081836,0.0314115509390831
61000,17.54350000000008,0.58,0.049999124186081836,0.03323455899953842
61100,17.39200000000008,0.61,0.049999124186081836,0.02929406240582466
61200,19.07750000000009,0.76,0.049999124186081836,0.06780767440795898
61300,16.950500000000076,0.64,0.049999124186081836,0.061668556183576584
61400,18.04450000000008,0.71,0.049999124186081836,0.017421454191207886
61500,17.981500000000086,0.7,0.049999124186081836,0.028545517474412918
61600,17.41250000000007,0.68,0.049999124186081836,0.024742837995290756
61700,17.037500000000076,0.61,0.049999124186081836,0.09708721935749054
61800,16.955000000000073,0.61,0.049999124186081836,0.021521398797631264
61900,17.518000000000082,0.68,0.049999124186081836,0.0239146389067173
62000,17.02450000000007,0.64,0.049999124186081836,0.023044176399707794
62100,17.483000000000082,0.7,0.049999124186081836,0.029360538348555565
62200,17.021000000000075,0.63,0.049999124186081836,0.06809065490961075
62300,16.89050000000007,0.68,0.049999124186081836,0.04193258285522461
62400,17.319500000000076,0.63,0.049999124186081836,0.3764403164386749
62500,17.657500000000073,0.66,0.049999124186081836,0.02452482469379902
62600,17.437500000000078,0.71,0.049999124186081836,0.06927059590816498
62700,18.337000000000074,0.77,0.049999124186081836,0.023810554295778275
62800,19.599000000000093,0.82,0.049999124186081836,0.0323762446641922
62900,16.40550000000007,0.63,0.049999124186081836,0.062309056520462036
63000,17.54600000000008,0.67,0.049999124186081836,0.06837961077690125
63100,18.228500000000086,0.72,0.049999124186081836,0.04085530340671539
63200,16.598500000000072,0.66,0.049999124186081836,0.019157523289322853
63300,16.55700000000007,0.67,0.049999124186081836,0.026888811960816383
63400,18.142500000000087,0.7,0.049999124186081836,0.038193002343177795
63500,17.47250000000008,0.74,0.049999124186081836,0.07280859351158142
63600,19.046500000000098,0.8,0.049999124186081836,0.3296135663986206
63700,17.16700000000008,0.64,0.049999124186081836,0.022482458502054214
63800,16.483500000000078,0.62,0.049999124186081836,0.01890372298657894
63900,18.53000000000008,0.73,0.049999124186081836,0.014453977346420288
64000,18.270500000000084,0.76,0.049999124186081836,0.021755145862698555
64100,18.46450000000008,0.77,0.049999124186081836,0.02795405313372612
64200,18.07950000000008,0.72,0.049999124186081836,0.041878871619701385
64300,17.097000000000076,0.65,0.049999124186081836,0.023007292300462723
64400,17.986500000000078,0.72,0.049999124186081836,0.03575047105550766
64500,16.668000000000074,0.56,0.049999124186081836,0.021650757640600204
64600,18.061000000000085,0.75,0.049999124186081836,0.02818501740694046
64700,16.877500000000072,0.65,0.049999124186081836,0.01813751645386219
64800,17.29800000000008,0.7,0.049999124186081836,0.03411376476287842
64900,18.467000000000088,0.74,0.049999124186081836,0.0212864987552166
65000,18.10800000000009,0.77,0.049999124186081836,0.04216296970844269
65100,17.93150000000009,0.69,0.049999124186081836,0.024317389354109764
65200,16.585500000000067,0.62,0.049999124186081836,0.07161584496498108
65300,16.32050000000007,0.52,0.049999124186081836,0.03717578202486038
65400,17.13000000000008,0.67,0.049999124186081836,0.03274983540177345
65500,18.49100000000009,0.7,0.049999124186081836,0.035975709557533264
65600,18.222500000000085,0.61,0.049999124186081836,0.027632134035229683
65700,18.729000000000095,0.78,0.049999124186081836,0.027369286864995956
65800,16.678000000000075,0.62,0.049999124186081836,0.023360155522823334
65900,17.24300000000008,0.63,0.049999124186081836,0.022812625393271446
66000,18.089500000000086,0.69,0.049999124186081836,0.031028829514980316
66100,16.39950000000007,0.56,0.049999124186081836,0.028958825394511223
66200,17.62350000000008,0.69,0.049999124186081836,0.031256161630153656
66300,19.336000000000098,0.79,0.049999124186081836,0.03250479698181152
66400,17.64900000000008,0.64,0.049999124186081836,0.09355875849723816
66500,18.362500000000093,0.76,0.049999124186081836,0.022903745993971825
66600,19.4840000000001,0.74,0.049999124186081836,0.021399907767772675
66700,18.32250000000009,0.69,0.049999124186081836,0.0592217743396759
66800,17.26350000000008,0.66,0.049999124186081836,0.05927545949816704
66900,19.119500000000098,0.81,0.049999124186081836,0.0386502742767334
67000,17.904500000000088,0.73,0.049999124186081836,0.03436221182346344
67100,17.430500000000077,0.66,0.049999124186081836,0.020038194954395294
67200,18.635000000000094,0.75,0.049999124186081836,0.027113312855362892
67300,16.687500000000068,0.6,0.049999124186081836,0.01915774494409561
67400,17.66200000000008,0.69,0.049999124186081836,0.021318815648555756
67500,17.994500000000087,0.67,0.049999124186081836,0.027339354157447815
67600,18.424000000000092,0.74,0.049999124186081836,0.02843000553548336
67700,18.381500000000095,0.68,0.049999124186081836,0.08302898705005646
67800,18.972000000000104,0.74,0.049999124186081836,0.02568722702562809
67900,17.04950000000008,0.62,0.049999124186081836,0.02338891103863716
68000,17.78950000000008,0.63,0.049999124186081836,0.024441439658403397
68100,17.096000000000075,0.62,0.049999124186081836,0.027521688491106033
68200,17.184500000000078,0.64,0.049999124186081836,0.03285305202007294
68300,17.324000000000076,0.68,0.049999124186081836,0.027658047154545784
68400,17.73950000000009,0.69,0.049999124186081836,0.03464464843273163
68500,17.372000000000078,0.66,0.049999124186081836,0.025496207177639008
68600,18.12300000000009,0.69,0.049999124186081836,0.02636105567216873
68700,17.889500000000087,0.71,0.049999124186081836,0.041003722697496414
68800,18.741000000000096,0.77,0.049999124186081836,0.020106658339500427
68900,16.139000000000067,0.64,0.049999124186081836,0.04050971940159798
69000,17.448500000000077,0.69,0.049999124186081836,0.015653342008590698
69100,16.44850000000007,0.63,0.049999124186081836,0.032014310359954834
69200,18.394500000000093,0.69,0.049999124186081836,0.11594854295253754
69300,17.01400000000008,0.6,0.049999124186081836,0.051219020038843155
69400,16.608000000000068,0.7,0.049999124186081836,0.02300439029932022
69500,18.24350000000009,0.76,0.049999124186081836,0.02065548114478588
69600,17.82200000000008,0.76,0.049999124186081836,0.058554403483867645
69700,17.094500000000075,0.66,0.049999124186081836,0.02800290659070015
69800,17.112000000000076,0.7,0.049999124186081836,0.031766027212142944
69900,19.269500000000097,0.83,0.049999124186081836,0.02028421126306057
70000,19.089000000000098,0.78,0.049999124186081836,0.06684833765029907
70100,16.905000000000076,0.63,0.049999124186081836,0.033085133880376816
70200,17.51950000000008,0.7,0.049999124186081836,0.034039415419101715
70300,16.910000000000064,0.72,0.049999124186081836,0.022641334682703018
70400,17.307000000000084,0.67,0.049999124186081836,0.03386088088154793
70500,18.135000000000083,0.73,0.049999124186081836,0.02467031031847
70600,18.770500000000094,0.82,0.049999124186081836,0.029199253767728806
70700,18.461000000000094,0.75,0.049999124186081836,0.022327153012156487
70800,17.467000000000077,0.64,0.049999124186081836,0.2682867646217346
70900,19.266500000000097,0.78,0.049999124186081836,0.019807472825050354
71000,18.30200000000008,0.77,0.049999124186081836,0.02518477663397789
71100,15.755500000000058,0.64,0.049999124186081836,0.022171422839164734
71200,16.829500000000067,0.7,0.049999124186081836,0.034245215356349945
71300,16.833500000000072,0.72,0.049999124186081836,0.024571631103754044
71400,17.481500000000075,0.68,0.049999124186081836,0.06639322638511658
71500,17.252000000000077,0.64,0.049999124186081836,0.03091023489832878
71600,17.145500000000073,0.62,0.049999124186081836,0.04076557606458664
71700,18.12550000000009,0.68,0.049999124186081836,0.06471572071313858
71800,17.20600000000008,0.68,0.049999124186081836,0.03374162316322327
71900,17.27450000000008,0.66,0.049999124186081836,0.05352921038866043
72000,18.36500000000009,0.75,0.049999124186081836,0.02833736687898636
72100,17.01650000000008,0.7,0.049999124186081836,0.024610161781311035
72200,17.282000000000075,0.75,0.049999124186081836,0.018820736557245255
72300,15.425500000000056,0.61,0.049999124186081836,0.03383193165063858
72400,16.56350000000007,0.71,0.049999124186081836,0.021906018257141113
72500,18.062500000000085,0.76,0.049999124186081836,0.03362097963690758
72600,17.39050000000008,0.68,0.049999124186081836,0.016162481158971786
72700,17.962500000000095,0.74,0.049999124186081836,0.028846776112914085
72800,17.44400000000008,0.66,0.049999124186081836,0.033933788537979126
72900,18.71850000000009,0.74,0.049999124186081836,0.02282577008008957
73000,18.91700000000009,0.73,0.049999124186081836,0.0488714724779129
73100,16.77950000000007,0.67,0.049999124186081836,0.08780524134635925
73200,17.893000000000086,0.72,0.049999124186081836,0.030093524605035782
73300,18.04000000000008,0.76,0.049999124186081836,0.054942891001701355
73400,18.405000000000086,0.76,0.049999124186081836,0.0530351921916008
73500,18.14100000000009,0.69,0.049999124186081836,0.4880881905555725
73600,17.890500000000088,0.75,0.049999124186081836,0.04087018594145775
73700,19.248500000000103,0.8,0.049999124186081836,0.26054880023002625
73800,18.367000000000093,0.71,0.049999124186081836,0.04467739909887314
73900,18.325000000000088,0.7,0.049999124186081836,0.030327413231134415
74000,17.279000000000078,0.72,0.049999124186081836,0.027396291494369507
74100,17.733500000000088,0.73,0.049999124186081836,0.06733623892068863
74200,17.87950000000009,0.67,0.049999124186081836,0.03212202340364456
74300,18.11900000000008,0.7,0.049999124186081836,0.04371219128370285
74400,18.5370000000001,0.66,0.049999124186081836,0.020451582968235016
74500,18.27000000000009,0.74,0.049999124186081836,0.020126182585954666
74600,18.442000000000085,0.76,0.049999124186081836,0.04038191959261894
74700,17.286000000000072,0.67,0.049999124186081836,0.407365620136261
74800,17.706500000000084,0.71,0.049999124186081836,0.02673223242163658
74900,18.422000000000093,0.77,0.049999124186081836,0.038645219057798386
75000,17.648500000000084,0.73,0.049999124186081836,0.03432643786072731
75100,17.14650000000008,0.64,0.049999124186081836,0.027639051899313927
75200,18.825000000000095,0.75,0.049999124186081836,0.055814675986766815
75300,18.768000000000097,0.79,0.049999124186081836,0.02406173199415207
75400,18.820500000000088,0.78,0.049999124186081836,0.020592007786035538
75500,18.052500000000087,0.71,0.049999124186081836,0.019650636240839958
75600,18.107500000000083,0.75,0.049999124186081836,0.02810690924525261
75700,18.286000000000094,0.7,0.049999124186081836,0.11256542056798935
75800,18.49100000000009,0.78,0.049999124186081836,0.1440177708864212
75900,17.04300000000008,0.65,0.049999124186081836,0.03255023807287216
76000,18.567000000000096,0.77,0.049999124186081836,0.018990356475114822
76100,17.209500000000077,0.66,0.049999124186081836,0.02823580987751484
76200,18.4735000000001,0.67,0.049999124186081836,0.02850627340376377
76300,19.1450000000001,0.78,0.049999124186081836,0.02994179166853428
76400,18.66650000000009,0.76,0.049999124186081836,0.02743949554860592
76500,18.9505000000001,0.81,0.049999124186081836,0.020621731877326965
76600,18.623500000000096,0.78,0.049999124186081836,0.0852644294500351
76700,17.440000000000087,0.68,0.049999124186081836,0.10098809003829956
76800,18.42600000000009,0.75,0.049999124186081836,0.48175179958343506
76900,17.45800000000008,0.75,0.049999124186081836,0.015637217089533806
77000,19.113500000000098,0.75,0.049999124186081836,0.12073306739330292
77100,18.47150000000009,0.78,0.049999124186081836,0.032998569309711456
77200,18.706000000000095,0.78,0.049999124186081836,0.020054731518030167
77300,17.843500000000084,0.77,0.049999124186081836,0.05176413804292679
77400,19.135500000000103,0.84,0.049999124186081836,0.03263673558831215
77500,19.15900000000009,0.78,0.049999124186081836,0.030634012073278427
77600,18.437000000000094,0.76,0.049999124186081836,0.030620744451880455
77700,17.160500000000077,0.64,0.049999124186081836,0.029309893026947975
77800,17.81350000000008,0.7,0.049999124186081836,0.0324283093214035
77900,17.96350000000009,0.68,0.049999124186081836,0.01781986840069294
78000,18.65600000000009,0.8,0.049999124186081836,0.04044295847415924
78100,17.742000000000086,0.7,0.049999124186081836,0.05951187014579773
78200,18.43700000000009,0.78,0.049999124186081836,0.018346987664699554
78300,18.193500000000096,0.73,0.049999124186081836,0.04335293918848038
78400,19.30700000000011,0.79,0.049999124186081836,0.020064381882548332
78500,18.8585000000001,0.78,0.049999124186081836,0.03145073354244232
78600,17.98300000000009,0.73,0.049999124186081836,0.08289441466331482
78700,17.873000000000093,0.62,0.049999124186081836,0.018517274409532547
78800,19.431500000000106,0.81,0.049999124186081836,0.0280611515045166
78900,18.045000000000087,0.7,0.049999124186081836,0.023675179108977318
79000,18.6740000000001,0.75,0.049999124186081836,0.019696436822414398
79100,17.45050000000008,0.71,0.049999124186081836,0.018807200714945793
79200,17.59150000000008,0.69,0.049999124186081836,0.03523460775613785
79300,16.63600000000007,0.69,0.049999124186081836,0.056541942059993744
79400,18.06450000000009,0.74,0.049999124186081836,0.02946159988641739
79500,17.650000000000087,0.67,0.049999124186081836,0.025923114269971848
79600,18.583000000000094,0.77,0.049999124186081836,0.018907777965068817
79700,17.380500000000083,0.66,0.049999124186081836,0.026913002133369446
79800,18.634500000000095,0.77,0.049999124186081836,0.05164630338549614
79900,17.38250000000009,0.66,0.049999124186081836,0.06346283853054047
80000,19.218000000000103,0.8,0.049999124186081836,0.030414171516895294
80100,18.8200000000001,0.77,0.049999124186081836,0.03334856405854225
80200,18.80600000000009,0.8,0.049999124186081836,0.015369482338428497
80300,17.485000000000078,0.79,0.049999124186081836,0.016511090099811554
80400,18.182000000000087,0.76,0.049999124186081836,0.03240785375237465
80500,17.94150000000009,0.74,0.049999124186081836,0.017177129164338112
80600,19.1805000000001,0.88,0.049999124186081836,0.18898585438728333
80700,18.332000000000093,0.75,0.049999124186081836,0.016073010861873627
80800,18.54650000000009,0.84,0.049999124186081836,0.022395865991711617
80900,18.602500000000095,0.78,0.049999124186081836,0.030809540301561356
81000,18.930500000000098,0.87,0.049999124186081836,0.010764350183308125
81100,18.311500000000084,0.79,0.049999124186081836,0.030342653393745422
81200,17.511000000000077,0.68,0.049999124186081836,0.01612570323050022
81300,18.11150000000008,0.81,0.049999124186081836,0.045106999576091766
81400,16.70550000000007,0.73,0.049999124186081836,0.06062548607587814
81500,18.19050000000009,0.8,0.049999124186081836,0.014305620454251766
81600,18.12850000000009,0.8,0.049999124186081836,0.01685321144759655
81700,18.105000000000086,0.78,0.049999124186081836,0.04142824932932854
81800,17.626500000000085,0.75,0.049999124186081836,0.019805653020739555
81900,18.344500000000092,0.8,0.049999124186081836,0.012251770123839378
82000,16.17950000000007,0.74,0.049999124186081836,0.015495769679546356
82100,18.659000000000095,0.86,0.049999124186081836,0.020251458510756493
82200,17.125000000000078,0.71,0.049999124186081836,0.02202681079506874
82300,16.945500000000077,0.7,0.049999124186081836,0.0329502709209919
82400,16.67150000000007,0.67,0.049999124186081836,0.018178172409534454
82500,17.610500000000087,0.72,0.049999124186081836,0.03510776907205582
82600,17.446500000000086,0.71,0.049999124186081836,0.025382060557603836
82700,17.834500000000087,0.74,0.049999124186081836,0.06983272731304169
82800,17.440500000000082,0.7,0.049999124186081836,0.021876465529203415
82900,18.003500000000077,0.8,0.049999124186081836,0.036329369992017746
83000,18.428500000000096,0.8,0.049999124186081836,0.26557669043540955
83100,17.030500000000078,0.68,0.049999124186081836,0.018256928771734238
83200,17.064500000000077,0.71,0.049999124186081836,0.018460048362612724
83300,18.002000000000088,0.74,0.049999124186081836,0.02453172579407692
83400,18.705500000000097,0.76,0.049999124186081836,0.012361585162580013
83500,17.660500000000084,0.73,0.049999124186081836,0.02553614228963852
83600,18.7435000000001,0.8,0.049999124186081836,0.02741755172610283
83700,17.60250000000008,0.74,0.049999124186081836,0.02598196640610695
83800,18.774000000000093,0.81,0.049999124186081836,0.025286797434091568
83900,16.591000000000076,0.65,0.049999124186081836,0.038863349705934525
84000,17.254000000000087,0.74,0.049999124186081836,0.016730189323425293
84100,17.717500000000086,0.76,0.049999124186081836,0.015107445418834686
84200,17.530000000000086,0.72,0.049999124186081836,0.01442859135568142
84300,16.86750000000007,0.78,0.049999124186081836,0.025705687701702118
84400,18.7940000000001,0.83,0.049999124186081836,0.01553301140666008
84500,18.189500000000084,0.8,0.049999124186081836,0.020297519862651825
84600,18.058000000000092,0.77,0.049999124186081836,0.035785552114248276
84700,18.22000000000009,0.77,0.049999124186081836,0.011550653725862503
84800,16.700500000000076,0.66,0.049999124186081836,0.03045213781297207
84900,16.845000000000073,0.72,0.049999124186081836,0.029473114758729935
85000,18.05400000000009,0.79,0.049999124186081836,0.02207992970943451
85100,18.02150000000009,0.77,0.049999124186081836,0.027712952345609665
85200,17.155000000000083,0.7,0.049999124186081836,0.08429450541734695
85300,18.909000000000102,0.83,0.049999124186081836,0.026906855404376984
85400,16.844500000000078,0.72,0.049999124186081836,0.044217549264431
85500,17.94150000000009,0.76,0.049999124186081836,0.01771954819560051
85600,17.837500000000087,0.74,0.049999124186081836,0.024233821779489517
85700,17.371500000000083,0.7,0.049999124186081836,0.04549329727888107
85800,18.816000000000102,0.74,0.049999124186081836,0.03446562588214874
85900,18.8480000000001,0.78,0.049999124186081836,0.18466919660568237
86000,17.24650000000008,0.71,0.049999124186081836,0.02457919344305992
86100,17.15850000000008,0.71,0.049999124186081836,0.022865213453769684
86200,18.317000000000093,0.78,0.049999124186081836,0.022885872051119804
86300,16.60500000000008,0.65,0.049999124186081836,0.14944270253181458
86400,17.678500000000078,0.76,0.049999124186081836,0.07378411293029785
86500,17.201000000000075,0.73,0.049999124186081836,0.020075591281056404
86600,17.612500000000082,0.73,0.049999124186081836,0.677398681640625
86700,18.495500000000092,0.73,0.049999124186081836,0.02569199725985527
86800,18.19900000000009,0.75,0.049999124186081836,0.06288189440965652
86900,17.377000000000077,0.7,0.049999124186081836,0.04174516722559929
87000,18.753500000000084,0.77,0.049999124186081836,0.0334324911236763
87100,19.564000000000107,0.83,0.049999124186081836,0.02583758905529976
87200,18.951500000000102,0.76,0.049999124186081836,0.026774205267429352
87300,18.105500000000088,0.8,0.049999124186081836,0.04666655883193016
87400,17.27100000000008,0.68,0.049999124186081836,0.019658349454402924
87500,18.10500000000009,0.69,0.049999124186081836,0.015475026331841946
87600,18.569500000000097,0.73,0.049999124186081836,0.03119690716266632
87700,17.512000000000086,0.76,0.049999124186081836,0.02859243005514145
87800,16.86250000000007,0.67,0.049999124186081836,0.31340447068214417
87900,17.370500000000085,0.68,0.049999124186081836,0.09703853726387024
88000,18.091500000000085,0.83,0.049999124186081836,0.012114724144339561
88100,19.165500000000108,0.75,0.049999124186081836,0.07221650332212448
88200,19.208000000000094,0.78,0.049999124186081836,0.04336912930011749
88300,15.987000000000064,0.63,0.049999124186081836,0.015654150396585464
